기준_년분기_코드,상권_코드,당월_매출_금액,연령대_20_매출_금액
20211,3110200,97210470,8103957
20211,3110201,193442994,18477713
20211,3110202,90958187,1886765
20211,3110203,933964237,89013373
20211,3110205,4841506860,1698819086
20211,3110206,1383675132,244805376
20211,3110207,668278356,274361643
20211,3110208,39461217,0
20211,3110210,2518853596,876141765
20211,3110211,2203742915,238956689
20211,3110213,260346524,12156150
20211,3110214,1571256592,770779849
20211,3110215,667813389,305012308
20211,3110216,2503902799,159359717
20211,3110219,8925069832,1151334936
20211,3110220,8142951465,2674315481
20211,3110222,33000000,3236440
20211,3110224,515743346,40436453
20211,3120063,48119161771,7872291576
20211,3120064,16564871584,5247248049
20211,3120065,7492481135,2825827317
20211,3130098,1724582002,581148835
20211,3130099,2290479994,241466133
20211,3130102,70170342,4361294
20211,3130103,294491846,11553237
20212,3110200,121511010,10596977
20212,3110201,197777807,23013487
20212,3110202,105750983,3770807
20212,3110203,628949174,91924208
20212,3110205,5735585265,2072106578
20212,3110206,4588883762,394625663
20212,3110207,958532573,422620398
20212,3110208,71828475,0
20212,3110210,2912631465,1096189064
20212,3110211,1992274665,232266780
20212,3110213,221765617,13203540
20212,3110214,1865392890,926932727
20212,3110215,721279147,351656299
20212,3110216,2816434062,195242069
20212,3110219,9482054339,1310460639
20212,3110220,8724328245,2852673932
20212,3110222,33000000,3145473
20212,3110224,535422077,49320579
20212,3120063,45069037528,6635693231
20212,3120064,19255729630,6696370898
20212,3120065,9179569903,3269078480
20212,3130098,2186065916,856380366
20212,3130099,2437415353,256239790
20212,3130102,14255402,0
20212,3130103,384761265,21766051
20213,3110200,67648735,5471288
20213,3110201,142309587,17704695
20213,3110202,191813324,12868516
20213,3110203,711210212,92823062
20213,3110205,4526996556,1878534606
20213,3110206,4730776790,564098819
20213,3110207,743633720,288800131
20213,3110208,76246746,0
20213,3110210,2656926229,921338245
20213,3110211,2348160052,314789349
20213,3110213,252006272,11957162
20213,3110214,1705095289,849612610
20213,3110215,672999872,334501579
20213,3110216,3245639040,201963817
20213,3110219,9652407612,1370418013
20213,3110220,8341938943,2681108802
20213,3110222,33000000,4565241
20213,3110224,366136510,62446718
20213,3120063,43563464221,6543651802
20213,3120064,18104223936,5921114550
20213,3120065,8309988197,3070686067
20213,3130098,1724662852,658750155
20213,3130099,2715532081,227515600
20213,3130102,11274932,0
20213,3130103,366764399,21971512
20214,3110200,135235851,19643714
20214,3110201,193268790,27171950
20214,3110202,154852550,4571254
20214,3110203,912892690,82554034
20214,3110205,5412773589,2453784760
20214,3110206,4716604740,381097860
20214,3110207,1046840206,467918203
20214,3110208,73989093,0
20214,3110210,3057176077,1114947393
20214,3110211,3128867830,344343489
20214,3110213,281333054,13092028
20214,3110214,1897096130,893245338
20214,3110215,666222508,346942124
20214,3110216,3342357640,214635343
20214,3110219,9540090883,1486607223
20214,3110220,9728210906,3115585334
20214,3110222,33000000,4930131
20214,3110224,645415651,145946215
20214,3120063,46378025864,7914765042
20214,3120064,22044905586,7868862650
20214,3120065,9794537677,3552830188
20214,3130098,2044183987,794493358
20214,3130099,3028623432,262309008
20214,3130102,14771468,0
20214,3130103,367564255,22695776
20221,3110200,114540101,6885487
20221,3110201,181223056,21452145
20221,3110202,169935141,3093846
20221,3110203,605114162,61606091
20221,3110205,4729010666,1793715029
20221,3110206,4247776426,373543218
20221,3110207,820214029,295536384
20221,3110208,40771212,0
20221,3110210,2659050130,849872817
20221,3110211,2711652506,422602379
20221,3110213,85243608,12989901
20221,3110214,1701387302,776372152
20221,3110215,602014495,271578177
20221,3110216,3355586168,184420778
20221,3110219,8158040946,1280251061
20221,3110220,8651996263,2506630343
20221,3110222,33000000,2720130
20221,3110224,717670931,96854572
20221,3120063,29980050687,4260299413
20221,3120064,18259808212,5883630000
20221,3120065,8302987663,2857429063
20221,3130098,2155054225,707006973
20221,3130099,1679311459,181546791
20221,3130102,50372576,0
20221,3130103,194779872,8500410
20222,3110200,121098477,8171283
20222,3110201,329270478,44285413
20222,3110202,154605950,2890074
20222,3110203,590385479,67297966
20222,3110205,6470205083,2561949529
20222,3110206,4482217421,333612990
20222,3110207,1106640130,445234735
20222,3110208,76863613,0
20222,3110210,3806413361,1342967556
20222,3110211,2727137336,291224282
20222,3110213,210280187,13567586
20222,3110214,2362416019,1064636549
20222,3110215,710724679,328372981
20222,3110216,3425567132,172874359
20222,3110219,9132066880,1543649838
20222,3110220,10579323290,3551968468
20222,3110222,33000000,3942147
20222,3110224,1016626176,116630706
20222,3120063,34902018028,5215103792
20222,3120064,24113602645,8467622475
20222,3120065,11092543223,3882592770
20222,3130098,2852614257,1106733227
20222,3130099,1772774346,175095487
20222,3130102,23877423,0
20222,3130103,308483938,5231853
20223,3110200,111815692,15478884
20223,3110201,313594914,24785821
20223,3110202,189036000,4336572
20223,3110203,563579270,52964906
20223,3110205,5981662431,2660491661
20223,3110206,4409515430,368836378
20223,3110207,1119859952,435767396
20223,3110208,80787350,0
20223,3110210,3604573866,1232863834
20223,3110211,2898302499,293482070
20223,3110213,175532205,10295033
20223,3110214,2235610632,1014804808
20223,3110215,742995432,362027080
20223,3110216,3185808251,191361561
20223,3110219,9101359637,1403198467
20223,3110220,10571790947,3461932393
20223,3110222,33000000,4722776
20223,3110224,1109524009,104983347
20223,3120063,32918411690,4389363317
20223,3120064,23300432321,8291703970
20223,3120065,10446258090,3923334462
20223,3130098,2506937102,984317452
20223,3130099,1834524963,153905142
20223,3130102,21297091,411357
20223,3130103,450394741,16831351
20224,3110200,142140124,17825498
20224,3110201,275287183,24920088
20224,3110202,150750060,6520185
20224,3110203,696123851,92664041
20224,3110205,6127744690,2626315288
20224,3110206,1692792223,239845083
20224,3110207,1269909975,468904404
20224,3110208,110019224,0
20224,3110210,3794094716,1334788421
20224,3110211,2919266308,352345526
20224,3110213,183348144,11028593
20224,3110214,2675771791,1213300142
20224,3110215,731339959,333266048
20224,3110216,3581675442,239995669
20224,3110219,9603524724,1492599546
20224,3110220,11092903436,3727072541
20224,3110222,33000000,4692826
20224,3110224,1720162867,139553105
20224,3120063,38849926367,5458820426
20224,3120064,25454240136,9084835265
20224,3120065,11700539299,4144684746
20224,3130098,2326289107,922984750
20224,3130099,2106973514,182367137
20224,3130102,51625347,0
20224,3130103,481186777,24486753
20231,3110200,195858881,10849780
20231,3110201,265971382,24707018
20231,3110202,163535288,9008006
20231,3110203,665065667,72532113
20231,3110205,5164451093,1999416520
20231,3110206,1404094314,164772354
20231,3110207,1040190019,388452687
20231,3110208,79462371,0
20231,3110210,3229584065,1035827776
20231,3110211,2812635195,319962453
20231,3110213,211079280,11227235
20231,3110214,2035365835,879422514
20231,3110215,586214149,245669499
20231,3110216,3317863723,162554816
20231,3110219,9664922620,1211728888
20231,3110220,10763598848,3149229232
20231,3110222,33000000,2486510
20231,3110224,2620280346,139832060
20231,3120063,47522051620,5009282451
20231,3120064,23328819935,7522276946
20231,3120065,10647796102,3332740214
20231,3130098,2642580073,915859379
20231,3130099,2824457619,206764996
20231,3130102,10470914,0
20231,3130103,348888897,19975047
20232,3110200,161064559,14988993
20232,3110201,309189118,23690536
20232,3110202,117268010,5461747
20232,3110203,859302392,122073606
20232,3110205,5879246308,2052063888
20232,3110206,1545983956,199119456
20232,3110207,1288414359,477048476
20232,3110208,78636597,0
20232,3110210,4072222621,1378824587
20232,3110211,2942608533,307122941
20232,3110213,221932709,9719996
20232,3110214,2887995886,1284601525
20232,3110215,775856963,294134421
20232,3110216,3257974913,165233463
20232,3110219,9531470352,1400297135
20232,3110220,12026722294,3937304406
20232,3110222,33000000,2825781
20232,3110224,2380485918,166423114
20232,3120063,40147440070,5692613250
20232,3120064,25752983403,8499894179
20232,3120065,11215859002,3583840790
20232,3130098,2632749670,904300019
20232,3130099,2183672405,190958327
20232,3130102,196234182,11496172
20232,3130103,450639277,20634744
20233,3110200,145642157,13577041
20233,3110201,306630819,27784436
20233,3110202,156487471,6498223
20233,3110203,827336320,129242427
20233,3110205,5194289656,1761216034
20233,3110206,1490138127,178094999
20233,3110207,943269158,349364167
20233,3110208,105711504,494634
20233,3110210,3237547244,980025911
20233,3110211,3193974893,293405830
20233,3110213,172373185,10671172
20233,3110214,2197075139,990996504
20233,3110215,702853364,269648217
20233,3110216,3247043404,162954564
20233,3110219,9367779840,1388209631
20233,3110220,10492272980,3187001941
20233,3110222,33000000,2123043
20233,3110224,2338438611,159500475
20233,3120063,36067264743,4492003061
20233,3120064,22513788436,6777086636
20233,3120065,10978450354,3414796940
20233,3130098,2346870920,810974303
20233,3130099,2308759067,228891857
20233,3130102,211197039,16806163
20233,3130103,487905313,18486844
20234,3110200,186699260,17794311
20234,3110201,299614784,26703931
20234,3110202,144280452,8291904
20234,3110203,831148932,146390228
20234,3110205,5337678140,1873677051
20234,3110206,1505632067,161328607
20234,3110207,1010630055,350537809
20234,3110208,64778761,0
20234,3110210,3672243502,1188954087
20234,3110211,3570138784,640940509
20234,3110213,59141499,9000607
20234,3110214,2767119220,1214257135
20234,3110215,673778116,272088211
20234,3110216,3366139735,184776889
20234,3110219,9303103889,1260498017
20234,3110220,12177960129,3803685879
20234,3110222,33000000,2392590
20234,3110224,2467252502,232293903
20234,3120063,49828051517,5634890272
20234,3120064,24380001153,7730812968
20234,3120065,10620026568,3505123533
20234,3130098,2479438249,855373235
20234,3130099,3727810168,258428121
20234,3130102,171977531,14725513
20234,3130103,378886346,20953732
20241,3110200,251808937,12370999
20241,3110201,250806167,11220703
20241,3110202,149401878,4168579
20241,3110203,810521252,127414327
20241,3110205,4617068562,1565593692
20241,3110206,2349745980,145761529
20241,3110207,868080826,289979161
20241,3110208,79790474,0
20241,3110210,3059697587,890555409
20241,3110211,3033885446,474041358
20241,3110213,70622669,10625057
20241,3110214,2038597083,835373164
20241,3110215,541520424,176995618
20241,3110216,3165796226,133459632
20241,3110219,8987674311,967147903
20241,3110220,10169601661,2843150371
20241,3110222,33000000,1625696
20241,3110224,2648768918,176826030
20241,3120063,50031527421,4741002923
20241,3120064,21102366626,6307998191
20241,3120065,9542544598,2886847755
20241,3130098,2644822770,835946649
20241,3130099,3851761243,219503174
20241,3130102,135156206,8901109
20241,3130103,353972434,9101549
20242,3110200,262462480,11402752
20242,3110201,261874096,21595298
20242,3110202,197127461,4952220
20242,3110203,864849258,128487642
20242,3110205,5419427344,1816380432
20242,3110206,1895713328,144803466
20242,3110207,914179443,316338058
20242,3110208,66283186,0
20242,3110210,4006656271,1327503843
20242,3110211,2965245787,284893356
20242,3110213,92760966,18728106
20242,3110214,2532298925,1112753689
20242,3110215,523150242,159905064
20242,3110216,3569007936,147552985
20242,3110219,10028861990,1169198547
20242,3110220,12160926436,3860524557
20242,3110222,33000000,1641146
20242,3110224,2861417573,183634595
20242,3120063,50870731364,4831849897
20242,3120064,22828616131,7287777499
20242,3120065,10264827819,3071343748
20242,3130098,2689330607,790810118
20242,3130099,3348584901,226013662
20242,3130102,178526618,19829723
20242,3130103,417241860,13944130
20243,3110200,207318884,14896762
20243,3110201,226104995,16319282
20243,3110202,142216251,2794864
20243,3110203,870057536,157346896
20243,3110205,4551404682,1518846762
20243,3110206,1613782458,167246648
20243,3110207,809313617,278220184
20243,3110208,57256637,0
20243,3110210,3210711164,989636206
20243,3110211,2961602962,260714856
20243,3110213,106596188,17696257
20243,3110214,2176703224,875458357
20243,3110215,569021207,169373363
20243,3110216,3217141575,118165787
20243,3110219,9298564008,920980153
20243,3110220,10663834683,3029207814
20243,3110222,33000000,1593205
20243,3110224,2595095521,142956824
20243,3120063,47979078358,4674619285
20243,3120064,18906270732,5290188857
20243,3120065,9851020535,2850110405
20243,3130098,2478505008,778935612
20243,3130099,3496252425,201806111
20243,3130102,181878182,13808323
20243,3130103,404949776,13503437
20244,3110200,253428000,13055799
20244,3110201,250624121,11044479
20244,3110202,150995884,4934989
20244,3110203,901226158,159544175
20244,3110205,5024575943,1856733212
20244,3110206,1423253418,156342628
20244,3110207,781077135,269478463
20244,3110208,50088496,0
20244,3110210,3352619178,1110826745
20244,3110211,3050687159,316207658
20244,3110213,139550017,22245906
20244,3110214,2654715955,1140116290
20244,3110215,592039961,186206413
20244,3110216,3351623107,139394124
20244,3110219,9791353719,1015199773
20244,3110220,11976044199,3678767057
20244,3110222,33000000,1437006
20244,3110224,2920857271,156402134
20244,3120063,49898331226,4703267085
20244,3120064,20553810231,5922378195
20244,3120065,9860463971,2990188393
20244,3130098,2641001681,815113093
20244,3130099,3266707494,285110466
20244,3130102,185773159,21013884
20244,3130103,419910373,12624068
